"vigencia","numero_ipat","gravedad","fecha_ocurrencia","lugar_ocurrencia","clase_de_accidente","entidad_que_reporta"
"2024","C001584040","CON HERIDO","2024-01-03T00:00:00.000","TUNJA BOGOTA KM 3+00","CHOQUE","POLICIA DE CARRETERAS"
"2024","C001584042","CON HERIDO","2024-01-06T00:00:00.000","TUNJA BOGOTA KM 6+120","CHOQUE","POLICIA DE CARRETERAS"
"2024","A001528539","CON HERIDO","2024-01-05T00:00:00.000","VEREDA FAGUA SECTOR BUYARA","CHOQUE","SECRETARIA DE MOVILIDAD DE CHIA"
"2024","A001528540","CON MUERTO","2024-01-15T00:00:00.000","AVENIDA PRADILLA 1-12 ESTE","CHOQUE","SECRETARIA DE MOVILIDAD DE CHIA"
"2024","A001528525","CON HERIDO","2024-01-23T00:00:00.000","VEREDA FAGUA RIO FRIO","CHOQUE","SECRETARIA DE MOVILIDAD DE CHIA"
"2024","A001528541","CON HERIDO","2024-01-28T00:00:00.000","AVENIDA PRADILLA 5E - 25","CHOQUE","SECRETARIA DE MOVILIDAD DE CHIA"
"2024","A001528542","CON HERIDO","2024-01-28T00:00:00.000","VARIANTE CALLE 2 8-27","ATROPELLO","SECRETARIA DE MOVILIDAD DE CHIA"
"2024","C001585841","CON HERIDO","2024-02-03T00:00:00.000","CHIA COTA KM 24 CERCA DE PIEDRA","CHOQUE","POLICIA DE CARRETERAS"
"2024","C001585837","CON HERIDO","2024-02-10T00:00:00.000","BOGOTA TUNJA KM 5+200","VOLCAMIENTO","POLICIA DE CARRETERAS"
"2024","C001585838","CON HERIDO","2024-02-10T00:00:00.000","CHIA CAJICA KM 8+700","CHOQUE","POLICIA DE CARRETERAS"
"2024","C001585839","CON HERIDO","2024-02-13T00:00:00.000","BOGOTA TUNJA KM 2+50","CHOQUE","POLICIA DE CARRETERAS"
"2024","C001585882","CON HERIDO","2024-02-24T00:00:00.000","BOGOTA TUNJA KM 3+775","CHOQUE","POLICIA DE CARRETERAS"
"2024","A001528543","CON HERIDO","2024-02-02T00:00:00.000","AVENIDA PRADILLA 13 6A-21","CHOQUE","SECRETARIA DE MOVILIDAD DE CHIA"
"2024","A001528544","CON HERIDO","2024-02-04T00:00:00.000","VARIANTE CALLE 2 10-62","ATROPELLO","SECRETARIA DE MOVILIDAD DE CHIA"
"2024","A001528545","CON HERIDO","2024-02-05T00:00:00.000","CARRERA 2E 34-77","CHOQUE","SECRETARIA DE MOVILIDAD DE CHIA"
"2024","A001528546","CON HERIDO","2024-02-15T00:00:00.000","CARRERA 12 3-59","ATROPELLO","SECRETARIA DE MOVILIDAD DE CHIA"
"2024","A001528493","CON HERIDO","2024-02-15T00:00:00.000","CARRERA 9 CALLE 25","CHOQUE","SECRETARIA DE MOVILIDAD DE CHIA"
"2024","A001528547","CON HERIDO","2024-02-21T00:00:00.000","VIA GUAYMARAL VEREDA LA BALSA","CHOQUE","SECRETARIA DE MOVILIDAD DE CHIA"
"2024","A001528548","CON HERIDO","2024-02-23T00:00:00.000","AVENIDA PRADILLA 5E","CAIDA OCUPANTE","SECRETARIA DE MOVILIDAD DE CHIA"
"2024","C001585883","CON HERIDO","2024-03-03T00:00:00.000","BOGOTA TUNJA KM 3+900","CHOQUE","POLICIA DE CARRETERAS"
"2024","C001585885","CON HERIDO","2024-03-06T00:00:00.000","BOGOTA TUNJA KM 5+630","CHOQUE","POLICIA DE CARRETERAS"
"2024","C001585886","CON HERIDO","2024-03-09T00:00:00.000","BOGOTA CHIA KM 6+730","CHOQUE","POLICIA DE CARRETERAS"
"2024","C001585869","CON HERIDO","2024-03-11T00:00:00.000","BOGOTA TUNJA KM 12+200","CHOQUE","POLICIA DE CARRETERAS"
"2024","C010552-1","CON HERIDO","2024-03-13T00:00:00.000","COTA CHIA KM 24+500","CHOQUE","POLICIA DE CARRETERAS"
"2024","C01067-1","CON MUERTO","2024-03-20T00:00:00.000","CHIA CAJICA KM 9 +900","CHOQUE","POLICIA DE CARRETERAS"
"2024","C01086-1","CON HERIDO","2024-03-24T00:00:00.000","BOGOTA TUNJA KM 4","CHOQUE","POLICIA DE CARRETERAS"
"2024","C001585884","CON HERIDO","2024-03-31T00:00:00.000","CHIA BOGOTA KM 3+150","CHOQUE","POLICIA DE CARRETERAS"
"2024","A001528549","CON HERIDO","2024-03-03T00:00:00.000","VEREDA YERBABUENA SECTOR PETACAS","CHOQUE","SECRETARIA DE MOVILIDAD DE CHIA"
"2024","A001528550","CON HERIDO","2024-03-14T00:00:00.000","CALLE 7 1A-01","CHOQUE","SECRETARIA DE MOVILIDAD DE CHIA"
"2024","A001528551","CON HERIDO","2024-03-15T00:00:00.000","GLORIETA SCHAPELLI","OTRO DESESTABILIZACION","SECRETARIA DE MOVILIDAD DE CHIA"
"2024","A001528552","CON HERIDO","2024-03-15T00:00:00.000","VEREDA FONQUETA SECTOR ALEJANDRIA","CHOQUE","SECRETARIA DE MOVILIDAD DE CHIA"
"2024","C01087-1","CON HERIDO","2024-04-07T00:00:00.000","BOGOTA UBATE KM 9+400 FONTANAR","CHOQUE","POLICIA DE CARRETERAS"
"2024","C01113-1","CON HERIDO","2024-04-15T00:00:00.000","TUNJA BOGOTA KM 9+450","CHOQUE","POLICIA DE CARRETERAS"
"2024","C01112-1","CON HERIDO","2024-04-18T00:00:00.000","BOGOTA TUNJA KM 10","CHOQUE","POLICIA DE CARRETERAS"
"2024","C01120-1","CON HERIDO","2024-04-24T00:00:00.000","MOSQUERA CHIA KM 23","CHOQUE","POLICIA DE CARRETERAS"
"2024","C001588661","CON HERIDO","2024-04-29T00:00:00.000","CHIA COTA KM 23+600","ATROPELLO","POLICIA DE CARRETERAS"
"2024","A001528535","CON HERIDO","2024-04-01T00:00:00.000","CARRERA 11 CALLE 9","CHOQUE","SECRETARIA DE MOVILIDAD DE CHIA"
"2024","A001528464","CON HERIDO","2024-04-02T00:00:00.000","CALLE 17 CARRERA 11","CHOQUE","SECRETARIA DE MOVILIDAD DE CHIA"
"2024","A001528553","CON HERIDO","2024-04-07T00:00:00.000","AVENIDA PRADILLA 6E SECTOR COLOMBIA","VOLCAMIENTO","SECRETARIA DE MOVILIDAD DE CHIA"
"2024","A001528459","CON HERIDO","2024-04-08T00:00:00.000","CARRERA 10 7-50","ATROPELLO","SECRETARIA DE MOVILIDAD DE CHIA"
"2024","A001528479","CON HERIDO","2024-04-15T00:00:00.000","CALLE 2 10A-10 VARIANTE","ATROPELLO","SECRETARIA DE MOVILIDAD DE CHIA"
"2024","A001525488","CON HERIDO","2024-04-18T00:00:00.000","CARRERA 5 ESTE CALLE 16","CHOQUE","SECRETARIA DE MOVILIDAD DE CHIA"
"2024","C001588687","CON HERIDO","2025-05-12T00:00:00.000","BOGOTA TUNJA KM 3+800","CHOQUE","POLICIA DE CARRETERAS"
"2024","C01125-1","CON HERIDO","2024-05-20T00:00:00.000","BOGOTA TUNJA KM 10+700","CHOQUE","POLICIA DE CARRETERAS"
"2024","C001588684","CON HERIDO","2024-05-24T00:00:00.000","COTA CHIA KM 24+640","CHOQUE","POLICIA DE CARRETERAS"
"2024","A001528469","CON HERIDO","2024-05-12T00:00:00.000","VEREDA YERBABUENA SECTOR EL ESPEJO","CAIDA OCUPANTE","SECRETARIA DE MOVILIDAD DE CHIA"
"2024","A001518461","CON HERIDO","2024-05-24T00:00:00.000","AVENIDA PRADILLA 1-67","CHOQUE","SECRETARIA DE MOVILIDAD DE CHIA"
"2024","C1139-1","CON MUERTO","2024-06-01T00:00:00.000","BOGOTA TUNJA KM 9+950","CHOQUE","POLICIA DE CARRETERAS"
"2024","C001586573","CON HERIDO","2024-06-09T00:00:00.000","COTA CHIA KM 23+350","CHOQUE","POLICIA DE CARRETERAS"
"2024","C001586575","CON HERIDO","2024-06-14T00:00:00.000","COTA CHIA KM 23+500","CHOQUE","POLICIA DE CARRETERAS"
"2024","C001586564","CON HERIDO","2024-06-20T00:00:00.000","TUNJA BOGOTA KM 3+450","CHOQUE","POLICIA DE CARRETERAS"
"2024","A001528490","CON HERIDO","2024-06-08T00:00:00.000","CARRERA 1 10-103","ATROPELLO","SECRETARIA DE MOVILIDAD DE CHIA"
"2024","A001528519","CON HERIDO","2024-06-08T00:00:00.000","CARRERA 1 CALLE 17-52","CHOQUE","SECRETARIA DE MOVILIDAD DE CHIA"
"2024","A0015285191","CON HERIDO","2024-06-18T00:00:00.000","CALLE 27 CARRERA 1 VEREDA BOJACA CAMINO LA FLORESTA","ATROPELLO","SECRETARIA DE MOVILIDAD DE CHIA"
"2024","A001528532","CON HERIDO","2024-06-22T00:00:00.000","AVENIDA CHILACOS CARRERA 10","CHOQUE","SECRETARIA DE MOVILIDAD DE CHIA"
"2024","A001528533","CON HERIDO","2024-06-22T00:00:00.000","AVENIDA PRADILLA CARRERA 1","ATROPELLO","SECRETARIA DE MOVILIDAD DE CHIA"
"2024","A001528537","CON HERIDO","2024-06-27T00:00:00.000","CALLE 7 10-52","ATROPELLO","SECRETARIA DE MOVILIDAD DE CHIA"
"2024","A001685649","CON HERIDO","2024-06-27T00:00:00.000","CALLE 1 SUR 4-13 LA BALSA SECTOR SABANETA","CHOQUE","SECRETARIA DE MOVILIDAD DE CHIA"
"2024","A001685650","CON HERIDO","2024-06-28T00:00:00.000","VEREDA FAGUA SECTOR FANTA","CHOQUE","SECRETARIA DE MOVILIDAD DE CHIA"
"2024","C001589304","CON HERIDO","2024-07-03T00:00:00.000","BOGOTA TUNJA KM 5+870","CHOQUE","POLICIA DE CARRETERAS"
"2024","C001589305","CON HERIDO","2024-07-05T00:00:00.000","BOGOTA TUNJA KM 2+950","CHOQUE","POLICIA DE CARRETERAS"
"2024","C001589307","CON HERIDO","2024-07-07T00:00:00.000","BOGOTA TUNJA KM 4+300","CHOQUE","POLICIA DE CARRETERAS"
"2024","C001589302","CON HERIDO","2024-07-10T00:00:00.000","CHIA CAJICA KM 9+150","CHOQUE","POLICIA DE CARRETERAS"
"2024","C001589371","CON HERIDO","2024-07-11T00:00:00.000","BOGOTA TUNJA KM 7+970","CHOQUE","POLICIA DE CARRETERAS"
"2024","C001589372","CON HERIDO","2024-07-13T00:00:00.000","BOGOTA TUNJA KM 5+450","CHOQUE","POLICIA DE CARRETERAS"
"2024","C001589409","CON HERIDO","2024-07-27T00:00:00.000","COTA CHIA KM 23+300","CHOQUE","POLICIA DE CARRETERAS"
"2024","A001685651","CON HERIDO","2024-07-12T00:00:00.000","VEREDA FONQUETA SECTOR TALLER ARTESANAL","CHOQUE","SECRETARIA DE MOVILIDAD DE CHIA"
"2024","A001685652","CON HERIDO","2024-07-13T00:00:00.000","VARIANTE CHIA COTA GLORIETA SCHAPELLI","CHOQUE","SECRETARIA DE MOVILIDAD DE CHIA"
"2024","A001685653","CON HERIDO","2024-07-16T00:00:00.000","CARRERA 1 13-33","CHOQUE","SECRETARIA DE MOVILIDAD DE CHIA"
"2024","A001685654","CON HERIDO","2024-07-24T00:00:00.000","CARRERA 1 CALLE 7","ATROPELLO","SECRETARIA DE MOVILIDAD DE CHIA"
"2024","C001589412","CON HERIDO","2024-08-08T00:00:00.000","COTA CHIA KM 23+800","CHOQUE","POLICIA DE CARRETERAS"
"2024","C001589373","CON HERIDO","2024-08-09T00:00:00.000","BOGOTA TUNJA KM 10+800","CHOQUE","POLICIA DE CARRETERAS"
"2024","A001685655","CON HERIDO","2024-08-02T00:00:00.000","VARIANTE CARRERA 1 CALLE 2","CAIDA OCUPANTE","SECRETARIA DE MOVILIDAD DE CHIA"
"2024","A001685657","CON HERIDO","2024-08-06T00:00:00.000","VARIANTE CALE 2 CARRERA 12","CHOQUE","SECRETARIA DE MOVILIDAD DE CHIA"
"2024","A001685656","CON HERIDO","2024-08-08T00:00:00.000","CARRERA 12 CALLE 2","CHOQUE","SECRETARIA DE MOVILIDAD DE CHIA"
"2024","A001685658","CON HERIDO","2024-08-10T00:00:00.000","CARRERA 10 CALLE 5","CHOQUE","SECRETARIA DE MOVILIDAD DE CHIA"
"2024","A001685660","CON HERIDO","2024-08-16T00:00:00.000","VEREDA LA BALSA SECTOR LAS JUNTAS VIA GAYMARAL","CHOQUE","SECRETARIA DE MOVILIDAD DE CHIA"
"2024","A001685659","CON HERIDO","2024-08-25T00:00:00.000","VARIANTE CARRERA 1 CALLE 7","CHOQUE","SECRETARIA DE MOVILIDAD DE CHIA"
"2024","A001685661","CON HERIDO","2024-08-27T00:00:00.000","VARIANTE CARRERA 1 CALLE 17","CHOQUE","SECRETARIA DE MOVILIDAD DE CHIA"
"2024","C001588391","CON HERIDO","2024-09-01T00:00:00.000","COTA CHIA KM 23+500","CHOQUE","POLICIA DE CARRETERAS"
"2024","C001589485","CON MUERTO","2024-09-11T00:00:00.000","BOGOTA TUNJA KM 8+400","CHOQUE","POLICIA DE CARRETERAS"
"2024","C001588463","CON HERIDO","2024-09-25T00:00:00.000","BOGOTA TUNJA KM 3+700","CHOQUE","POLICIA DE CARRETERAS"
"2024","C001588462","CON HERIDO","2024-09-25T00:00:00.000","BOGOTA TUNJA KM 11+360","CHOQUE","POLICIA DE CARRETERAS"
"2024","C001588481","CON HERIDO","2024-09-29T00:00:00.000","BOGOTA TUNJA KM 12+850","CHOQUE","POLICIA DE CARRETERAS"
"2024","A001685662","CON HERIDO","2024-09-13T00:00:00.000","CALLE 17 CARRERA 11","CHOQUE","SECRETARIA DE MOVILIDAD DE CHIA"
"2024","A001685663","CON HERIDO","2024-09-14T00:00:00.000","AVENIDA PRADILLA CARRERA 5 ESTE","CHOQUE","SECRETARIA DE MOVILIDAD DE CHIA"
"2024","A001685664","CON HERIDO","2024-09-21T00:00:00.000","VARIANTE CARRERA 1 5-30","CHOQUE","SECRETARIA DE MOVILIDAD DE CHIA"
"2024","A001685665","CON MUERTO","2024-09-27T00:00:00.000","CALLE 7 2A-21","CHOQUE","SECRETARIA DE MOVILIDAD DE CHIA"
"2024","A001685666","CON HERIDO","2024-09-30T00:00:00.000","CARRERA 1A 18-03","ATROPELLO","SECRETARIA DE MOVILIDAD DE CHIA"
"2024","C001588504","CON MUERTO","2024-10-17T00:00:00.000","BOGOTA UBATE KM 9+700","CHOQUE","POLICIA DE CARRETERAS"
"2024","C001588508","CON HERIDO","2024-10-16T00:00:00.000","TUNJA BOGOTA KM 2+600","CHOQUE","POLICIA DE CARRETERAS"
"2024","C001588509","CON HERIDO","2024-10-17T00:00:00.000","BOGOTA TUNJA KM 4+200","CHOQUE","POLICIA DE CARRETERAS"
"2024","C001588510","CON HERIDO","2024-10-19T00:00:00.000","BOGOTA TUNJA KM 7+800","CHOQUE","POLICIA DE CARRETERAS"
"2024","C001588527","CON HERIDO","2024-10-13T00:00:00.000","COTA CHIA KM 24+600","ATROPELLO","POLICIA DE CARRETERAS"
"2024","C001588544","CON HERIDO","2024-10-15T00:00:00.000","BOGOTA UBATE KM 7+600","CHOQUE","POLICIA DE CARRETERAS"
"2024","C001588593","CON HERIDO","2024-10-31T00:00:00.000","MOSQUERA CHIA KM 23+850","CHOQUE","POLICIA DE CARRETERAS"
"2024","A001685667","CON HERIDO","2024-10-02T00:00:00.000","AVENIDA PRADILLA CARRERA 3 ESTE","ATROPELLO","SECRETARIA DE MOVILIDAD DE CHIA"
"2024","A001685668","CON HERIDO","2024-10-08T00:00:00.000","CALLE 29 6-14","CHOQUE","SECRETARIA DE MOVILIDAD DE CHIA"
"2024","A001685669","CON HERIDO","2024-10-12T00:00:00.000","PARQUEADERO TERMINAL DE TRANSPORTE CHIA","ATROPELLO","SECRETARIA DE MOVILIDAD DE CHIA"
"2024","C001588547","CON HERIDO","2024-11-02T00:00:00.000","BOGOTA UBATE KM 9+00","CHOQUE","POLICIA DE CARRETERAS"
"2024","C001588663","CON HERIDO","2024-11-13T00:00:00.000","COTA CHIA KM 23+850","CHOQUE","POLICIA DE CARRETERAS"
"2024","C001588686","CON HERIDO","2024-11-23T00:00:00.000","BOGOTA UBATE KM 9+950","CHOQUE","POLICIA DE CARRETERAS"
"2024","C001588681","CON HERIDO","2024-11-27T00:00:00.000","BOGOTA TUNJA KM 9+600","ATROPELLO","POLICIA DE CARRETERAS"
"2024","A001685670","CON HERIDO","2024-11-05T00:00:00.000","CARRERA 1 CALLE 1","CHOQUE","SECRETARIA DE MOVILIDAD DE CHIA"
"2024","A001685671","CON HERIDO","2024-11-23T00:00:00.000","VEREDA LA BALSA SECTOR TIENDA TREBOL","CHOQUE","SECRETARIA DE MOVILIDAD DE CHIA"
"2024","C001588586","CON HERIDO","2024-12-04T00:00:00.000","BOGOTA TUNJA KM 4+300","CHOQUE","POLICIA DE CARRETERAS"
"2024","C001591204","CON HERIDO","2024-12-08T00:00:00.000","CHIA COTA KM 23+600","CHOQUE","POLICIA DE CARRETERAS"
"2024","C001588589","CON HERIDO","2024-12-16T00:00:00.000","BOGOTA TUNJA KM 2+900","CHOQUE","POLICIA DE CARRETERAS"
"2024","C001591208","CON HERIDO","2024-12-31T00:00:00.000","CHIA BOGOTA KM 3+100","CHOQUE","POLICIA DE CARRETERAS"
"2024","A001685672","CON HERIDO","2024-12-04T00:00:00.000","AVENIDA CHILACOS CARRERA 15 CALLE 17","ATROPELLO","SECRETARIA DE MOVILIDAD DE CHIA"
"2024","A001685673","CON HERIDO","2024-12-12T00:00:00.000","AVENIDA PRADILLA 2-71 ESTE","ATROPELLO","SECRETARIA DE MOVILIDAD DE CHIA"
"2024","A001685674","CON HERIDO","2024-12-18T00:00:00.000","VEREDA YERBABUENA SECTOR EL ESPEJO","CHOQUE","SECRETARIA DE MOVILIDAD DE CHIA"
"2024","A001685675","CON HERIDO","2024-12-19T00:00:00.000","CARRERA 1 5A-18 VARIANTE CHIA COTA","CHOQUE","SECRETARIA DE MOVILIDAD DE CHIA"
"2024","A001685676","CON HERIDO","2024-12-31T00:00:00.000","CARRERA 1 6A 61","CHOQUE","SECRETARIA DE MOVILIDAD DE CHIA"
"2025","C097440","Con muerto","2025-04-03T00:00:00.000","CHIA MOSQUERA KM 24+250","Atropello","POLICIA DE CARRETERAS"
"2025","C097504","Con Herido","2025-04-29T00:00:00.000","CHIA MOSQUERA KM 23+440","Choque","POLICIA DE CARRETERAS"
"2025","C097505","Con Herido","2025-04-29T00:00:00.000","CHIA BOGOTA KM 4+800 UNIVERSIDAD EL BOSQUE","Choque","POLICIA DE CARRETERAS"
"2025","C097506","Con Herido","2025-04-30T00:00:00.000","TUNJA BOGOTA KM 10+700","Choque","POLICIA DE CARRETERAS"
"2025","A001708663","Con Herido","2025-04-01T00:00:00.000","CARRERA 1 7 320","Choque","SECRETARIA DE MOVILIDAD DE CHIA"
"2025","A001708664","Con Herido","2025-04-07T00:00:00.000","CARRERA 9 CALLE 29","Choque","SECRETARIA DE MOVILIDAD DE CHIA"
"2025","A001708666","Con Herido","2025-04-15T00:00:00.000","VEREDA LA BALSA SECTOR COLEGIO SAN DIEGO","Choque","SECRETARIA DE MOVILIDAD DE CHIA"
"2025","A001708667","Con Herido","2025-04-17T00:00:00.000","VEREDA TIQUIZA SECTOR 4 ESQUINAS","Atropello","SECRETARIA DE MOVILIDAD DE CHIA"
"2025","A001708668","Con Herido","2025-04-21T00:00:00.000","CALLE 9 CARRERA 11","Choque","SECRETARIA DE MOVILIDAD DE CHIA"
"2025","A001708665","Con Herido","2025-04-22T00:00:00.000","CARRERA 9 CON CALLE 27","Choque","SECRETARIA DE MOVILIDAD DE CHIA"
"2025","C097537","Con Herido","2025-05-17T00:00:00.000","BOGOTA TUNJA KM 11+900","Choque","POLICIA DE CARRETERAS"
"2025","A001708669","Con Herido","2025-05-06T00:00:00.000","CARRERA 9 29 00","Choque","SECRETARIA DE MOVILIDAD DE CHIA"
"2025","A001708670","Con Herido","2025-05-08T00:00:00.000","CALLE 7 CARRERA 7","Choque","SECRETARIA DE MOVILIDAD DE CHIA"
"2025","A001708671","Con Herido","2025-05-12T00:00:00.000","CALLE 21 CARRERA 13","Choque","SECRETARIA DE MOVILIDAD DE CHIA"
"2025","A001708672","Con Herido","2025-05-16T00:00:00.000","CARRERA 1 CALLE 5","Choque","SECRETARIA DE MOVILIDAD DE CHIA"
"2025","A001708673","Con Herido","2025-05-18T00:00:00.000","CARRERA 12 CALLE 10","Atropello","SECRETARIA DE MOVILIDAD DE CHIA"
"2025","A001708674","Con Herido","2025-05-23T00:00:00.000","CALLE 29 CARRERA 9","Choque","SECRETARIA DE MOVILIDAD DE CHIA"
"2025","C001591255","Con muerto","2025-01-06T00:00:00.000","CHIA BOGOTA KM 6+500","Atropello","POLICIA DE CARRETERAS"
"2025","C001591256","Con Herido","2025-01-31T00:00:00.000","BOGOTA TUNJA KM 7+00","Choque","POLICIA DE CARRETERAS"
"2025","A001685677","Con Herido","2025-01-13T00:00:00.000","VEREDA FAGUA SECTOR GUANATA","Choque","SECRETARIA DE MOVILIDAD DE CHIA"
"2025","A001685678","Con Herido","2025-01-25T00:00:00.000","CALLE 2 CARRERA 10A 13","Atropello","SECRETARIA DE MOVILIDAD DE CHIA"
"2025","A001685679","Con Herido","2025-01-27T00:00:00.000","CALLE 10 CARRERA 9","Choque","SECRETARIA DE MOVILIDAD DE CHIA"
"2025","C001591260","Con Herido","2025-02-01T00:00:00.000","BOGOTA TUNJA KM 7+300","Choque","POLICIA DE CARRETERAS"
"2025","C001591375","Con Herido","2025-05-04T00:00:00.000","CHIA ZIPAQUIRA KM 8+300","Choque","POLICIA DE CARRETERAS"
"2025","C001591411","Con Herido","2025-02-05T00:00:00.000","TUNJA BOGOTA KM 4+750","Choque","POLICIA DE CARRETERAS"
"2025","C001591387","Con Herido","2025-02-21T00:00:00.000","BOGOTA UBATE KM 9+800","Choque","POLICIA DE CARRETERAS"
"2025","C001591388","Con Herido","2025-02-21T00:00:00.000","BOGOTA UBATE KM 8+200","Choque","POLICIA DE CARRETERAS"
"2025","A001685680","Con Herido","2025-02-04T00:00:00.000","CALLE 2 CARRERA 11","Choque","SECRETARIA DE MOVILIDAD DE CHIA"
"2025","A001685681","Con Herido","2025-02-15T00:00:00.000","CARRERA 4 CALLE 10","Atropello","SECRETARIA DE MOVILIDAD DE CHIA"
"2025","A001685682","Con Herido","2025-02-14T00:00:00.000","CARRERA 12 CALLE 9","Atropello","SECRETARIA DE MOVILIDAD DE CHIA"
"2025","A001685683","Con Herido","2025-02-17T00:00:00.000","CALLE 21 CARRERA 11 ESQUINA","Choque","SECRETARIA DE MOVILIDAD DE CHIA"
"2025","A001685684","Con Herido","2025-02-19T00:00:00.000","AVENIDA CHILACOS CALLE 21 CARRERA 5","Choque","SECRETARIA DE MOVILIDAD DE CHIA"
"2025","A001685685","Con Herido","2025-02-21T00:00:00.000","VEREDA FAGUA SECTOR LA LEONOR","Choque","SECRETARIA DE MOVILIDAD DE CHIA"
"2025","A001685686","Con Herido","2025-02-27T00:00:00.000","CARRERA 13 CALLE 11","Choque","SECRETARIA DE MOVILIDAD DE CHIA"
"2025","C001591414","Con Herido","2025-03-16T00:00:00.000","TUNJA BOGOTA KM 6+050","Choque","POLICIA DE CARRETERAS"
"2025","A001685687","Con Herido","2025-03-07T00:00:00.000","CALLE 10 CARRERA 14C","Choque","SECRETARIA DE MOVILIDAD DE CHIA"
"2025","A001685688","Con Herido","2025-02-11T00:00:00.000","CALLE 2 8 02","Choque","SECRETARIA DE MOVILIDAD DE CHIA"
"2025","A001708659","Con Herido","2025-03-22T00:00:00.000","AVENIDA CHILACOS CARRERA 15 16 00","Choque","SECRETARIA DE MOVILIDAD DE CHIA"
"2025","A001709660","Con Herido","2025-03-25T00:00:00.000","CARRERA 1 16 67","Choque","SECRETARIA DE MOVILIDAD DE CHIA"
"2025","A001708661","Con Herido","2025-03-21T00:00:00.000","CALLE 1 CARRERA 12","Caida Oupante","SECRETARIA DE MOVILIDAD DE CHIA"
"2025","C097440","Con muerto","2025-04-03T00:00:00.000","CHIA MOSQUERA KM 24+250","Atropello","POLICIA DE CARRETERAS"
"2025","C097504","Con Herido","2025-04-29T00:00:00.000","CHIA MOSQUERA KM 23+440","Choque","POLICIA DE CARRETERAS"
"2025","C097505","Con Herido","2025-04-29T00:00:00.000","CHIA BOGOTA KM 4+800 UNIVERSIDAD EL BOSQUE","Choque","POLICIA DE CARRETERAS"
"2025","C097506","Con Herido","2025-04-30T00:00:00.000","TUNJA BOGOTA KM 10+700","Choque","POLICIA DE CARRETERAS"
"2025","A001708663","Con Herido","2025-04-01T00:00:00.000","CARRERA 1 7 320","Choque","SECRETARIA DE MOVILIDAD DE CHIA"
"2025","A001708664","Con Herido","2025-04-07T00:00:00.000","CARRERA 9 CALLE 29","Choque","SECRETARIA DE MOVILIDAD DE CHIA"
"2025","A001708666","Con Herido","2025-04-15T00:00:00.000","VEREDA LA BALSA SECTOR COLEGIO SAN DIEGO","Choque","SECRETARIA DE MOVILIDAD DE CHIA"
"2025","A001708667","Con Herido","2025-04-17T00:00:00.000","VEREDA TIQUIZA SECTOR 4 ESQUINAS","Atropello","SECRETARIA DE MOVILIDAD DE CHIA"
"2025","A001708668","Con Herido","2025-04-21T00:00:00.000","CALLE 9 CARRERA 11","Choque","SECRETARIA DE MOVILIDAD DE CHIA"
"2025","A001708665","Con Herido","2025-04-22T00:00:00.000","CARRERA 9 CON CALLE 27","Choque","SECRETARIA DE MOVILIDAD DE CHIA"
"2025","C097537","Con Herido","2025-05-17T00:00:00.000","BOGOTA TUNJA KM 11+900","Choque","POLICIA DE CARRETERAS"
"2025","A001708669","Con Herido","2025-05-06T00:00:00.000","CARRERA 9 29 00","Choque","SECRETARIA DE MOVILIDAD DE CHIA"
"2025","A001708670","Con Herido","2025-05-08T00:00:00.000","CALLE 7 CARRERA 7","Choque","SECRETARIA DE MOVILIDAD DE CHIA"
"2025","A001708671","Con Herido","2025-05-12T00:00:00.000","CALLE 21 CARRERA 13","Choque","SECRETARIA DE MOVILIDAD DE CHIA"
"2025","A001708672","Con Herido","2025-05-16T00:00:00.000","CARRERA 1 CALLE 5","Choque","SECRETARIA DE MOVILIDAD DE CHIA"
"2025","A001708673","Con Herido","2025-05-18T00:00:00.000","CARRERA 12 CALLE 10","Atropello","SECRETARIA DE MOVILIDAD DE CHIA"
"2025","A001708674","Con Herido","2025-05-23T00:00:00.000","CALLE 29 CARRERA 9","Choque","SECRETARIA DE MOVILIDAD DE CHIA"
"2025","C001592765","Con Herido","2025-06-01T00:00:00.000","BOGOTA TUNJA KM 6+150","Choque","POLICIA DE CARRETERAS"
"2025","C001592766","Con Herido","2025-06-01T00:00:00.000","TUNJA BOGOTA KM 9+200","Choque","POLICIA DE CARRETERAS"
"2025","C001592767","Con Herido","2025-06-01T00:00:00.000","BOGOTA TUNJA KM 9+200","Choque","POLICIA DE CARRETERAS"
"2025","C1592764","Con muerto","2025-06-04T00:00:00.000","BOGOTA TUNJA KM 2+700","Volcamiento","POLICIA DE CARRETERAS"
"2025","C001590167","Con Herido","2025-06-07T00:00:00.000","BOGOTA TUNJA KM 6+250","Choque","POLICIA DE CARRETERAS"
"2025","C001590169","Con muerto","2025-06-10T00:00:00.000","BOGOTA TUNJA KM 12+900","Choque","POLICIA DE CARRETERAS"
"2025","C097582","Con Herido","2025-06-14T00:00:00.000","BOGOTA CHIA KM 6+300","Choque","POLICIA DE CARRETERAS"
"2025","C098583","Con Herido","2025-06-15T00:00:00.000","BOGOTA TUNJA KM 12+900","Choque","POLICIA DE CARRETERAS"
"2025","C001708756","Con Herido","2025-06-19T00:00:00.000","BOGOTA TUNJA KM 2+980","Choque","POLICIA DE CARRETERAS"
"2025","C001708784","Con Herido","2025-06-30T00:00:00.000","BOGOTA TUNJA KM 6+300","Choque","POLICIA DE CARRETERAS"
"2025","A001708676","Con Herido","2025-06-23T00:00:00.000","CARRERA 4 ESTE CALLE 10","Choque","SECRETARIA DE MOVILIDAD DE CHIA"
